{
  "queries": {
    "Q01": [
      1.6989381313323975,
      1.3133769035339355,
      1.3036491870880127,
      1.2972140312194824,
      1.3258728981018066
    ],
    "Q02": [
      0.1351470947265625,
      0.10640406608581543,
      0.10461783409118652,
      0.10522913932800293,
      0.1147608757019043
    ],
    "Q03": [
      0.5971128940582275,
      0.30836987495422363,
      0.2860538959503174,
      0.27950525283813477,
      0.2722458839416504
    ],
    "Q04": [
      1.4769527912139893,
      0.33669185638427734,
      0.3268249034881592,
      0.338468074798584,
      0.3278498649597168
    ],
    "Q05": [
      1.0191659927368164,
      0.4730970859527588,
      0.4433608055114746,
      0.44661712646484375,
      0.44223690032958984
    ],
    "Q06": [
      0.09305000305175781,
      0.056684017181396484,
      0.05380511283874512,
      0.05802774429321289,
      0.06497406959533691
    ],
    "Q07": [
      0.6418969631195068,
      0.439302921295166,
      0.44630885124206543,
      0.4411962032318115,
      0.4366121292114258
    ],
    "Q08": [
      0.38825297355651855,
      0.2664530277252197,
      0.289172887802124,
      0.3070950508117676,
      0.2535400390625
    ],
    "Q09": [
      1.7929048538208008,
      1.490203857421875,
      1.4956932067871094,
      1.464893102645874,
      1.4610950946807861
    ],
    "Q10": [
      0.8993020057678223,
      0.7186949253082275,
      0.7618551254272461,
      0.7284629344940186,
      0.7328140735626221
    ],
    "Q11": [
      0.09886384010314941,
      0.09940719604492188,
      0.09254193305969238,
      0.0873711109161377,
      0.08867287635803223
    ],
    "Q12": [
      0.7690911293029785,
      0.6240458488464355,
      0.6332850456237793,
      0.6280860900878906,
      0.6083669662475586
    ],
    "Q13": [
      0.6189291477203369,
      0.5733489990234375,
      0.571422815322876,
      0.5995328426361084,
      0.5897691249847412
    ],
    "Q14": [
      0.13650989532470703,
      0.08555412292480469,
      0.07879829406738281,
      0.0785679817199707,
      0.07913398742675781
    ],
    "Q15": [
      0.21893692016601562,
      0.05867600440979004,
      0.05991005897521973,
      0.066436767578125,
      0.06497812271118164
    ],
    "Q16": [
      0.1551070213317871,
      0.14104866981506348,
      0.14856910705566406,
      0.151655912399292,
      0.1413571834564209
    ],
    "Q17": [
      0.2706151008605957,
      0.22878789901733398,
      0.254741907119751,
      0.22971701622009277,
      0.22112226486206055
    ],
    "Q18": [
      0.24268627166748047,
      0.23128676414489746,
      0.2165679931640625,
      0.21519112586975098,
      0.21923184394836426
    ],
    "Q19": [
      0.9346308708190918,
      0.7892420291900635,
      0.7693119049072266,
      0.7601311206817627,
      0.7708337306976318
    ],
    "Q20": [
      0.44466114044189453,
      0.20817804336547852,
      0.20418882369995117,
      0.2206401824951172,
      0.20981597900390625
    ],
    "Q21": [
      5.349717855453491,
      5.0535728931427,
      5.062694072723389,
      5.30233097076416,
      5.266301870346069
    ],
    "Q22": [
      0.06273698806762695,
      0.05742502212524414,
      0.05582118034362793,
      0.053064823150634766,
      0.05305004119873047
    ]
  },
  "load": 34.63415002822876,
  "total": 72.97133421897888
}
