{"queries": {"Q01": [26.85527014732361, 20.83621621131897, 19.150343894958496, 18.783578157424927, 20.03489589691162], "Q02": [1.689389944076538, 1.156677007675171, 1.1178910732269287, 1.124809980392456, 1.1516969203948975], "Q03": [5.751386880874634, 5.177917957305908, 5.071065187454224, 4.975046157836914, 4.842314004898071], "Q04": [38.09919595718384, 48.74507212638855, 53.757874965667725, 47.50219702720642, 46.68529939651489], "Q05": [78.36787700653076, 99.00527381896973, 83.6460919380188, 81.99957799911499, 85.89148283004761], "Q06": [5.282263994216919, 1.5565366744995117, 1.5595190525054932, 0.8589377403259277, 1.3043930530548096], "Q07": [35.01091194152832, 24.18803095817566, 20.382685899734497, 16.822319984436035, 16.392582893371582], "Q08": [17.325217723846436, 9.680999994277954, 10.305814981460571, 10.683351039886475, 9.813584804534912], "Q09": [505.6576600074768, 415.18329882621765, 412.745943069458, 415.9248230457306, 347.699560880661], "Q10": [138.5962152481079, 134.95049905776978, 135.1000370979309, 129.81624388694763, 138.4643111228943], "Q11": [1.5201940536499023, 0.5558850765228271, 0.537506103515625, 0.5234470367431641, 0.5084569454193115], "Q12": [33.25740957260132, 18.350456953048706, 18.951459884643555, 21.43865203857422, 22.12491488456726], "Q13": [9.335590839385986, 7.751773118972778, 7.865193843841553, 7.5274269580841064, 7.588254928588867], "Q14": [3.2356228828430176, 1.7322580814361572, 1.7613120079040527, 1.639585018157959, 1.686295986175537], "Q15": [15.067355871200562, 11.39905309677124, 9.977178812026978, 10.792901277542114, 9.677733898162842], "Q16": [3.2661948204040527, 1.5545909404754639, 1.5330278873443604, 1.608161211013794, 1.5404222011566162], "Q17": [8.586328983306885, 7.19514799118042, 8.382088899612427, 9.133622169494629, 7.2154340744018555], "Q18": [8.163549900054932, 6.564878940582275, 6.625503301620483, 6.733520030975342, 6.591105937957764], "Q19": [19.83037495613098, 17.899193048477173, 19.13964605331421, 18.758044958114624, 17.64656710624695], "Q20": [23.738512754440308, 28.76426601409912, 27.579391956329346, 21.204596281051636, 17.35037899017334], "Q21": [135.09992384910583, 140.2237949371338, 133.71995210647583, 133.0480318069458, 134.33197212219238], "Q22": [1.243560791015625, 0.5868079662322998, 0.5922119617462158, 0.6192889213562012, 0.6457760334014893]}, "load": 179.21161794662476, "total": 4958.294976949692}