{
  "queries": {
    "Q01": [20.94467],
    "Q02": [1.25559],
    "Q03": [6.70178],
    "Q04": [44.39263],
    "Q05": [64.08214],
    "Q06": [1.56187],
    "Q07": [17.91117],
    "Q08": [10.96468],
    "Q09": [365.34688],
    "Q10": [110.09683],
    "Q11": [0.4145],
    "Q12": [18.90872],
    "Q13": [10.03343],
    "Q14": [1.42013],
    "Q15": [9.93541],
    "Q16": [1.79684],
    "Q17": [10.28644],
    "Q18": [8.1705],
    "Q19": [18.6261],
    "Q20": [16.74468],
    "Q21": [139.32415],
    "Q22": [0.69874]
  },
  "load": 213.22988986968994
}
