{"load": 73.50248622894287, "Q01": [4.1289448738098145, 2.611891984939575, 2.629228115081787, 2.5857768058776855, 2.569307804107666], "Q02": [0.29660916328430176, 0.21299362182617188, 0.20637989044189453, 0.20913100242614746, 0.20487499237060547], "Q03": [1.5232620239257812, 0.6474189758300781, 0.6295831203460693, 0.6293861865997314, 0.6262829303741455], "Q04": [4.214560031890869, 0.7100658416748047, 0.7016761302947998, 0.6950061321258545, 0.6860301494598389], "Q05": [4.187736988067627, 1.1849040985107422, 1.100856065750122, 1.048487901687622, 1.022491216659546], "Q06": [0.8825240135192871, 0.09910082817077637, 0.09792804718017578, 0.09467697143554688, 0.0951681137084961], "Q07": [3.9093549251556396, 0.8617198467254639, 0.8310132026672363, 0.9430727958679199, 0.8533329963684082], "Q08": [1.8109519481658936, 0.5293700695037842, 0.48735809326171875, 0.46862173080444336, 0.4938240051269531], "Q09": [7.155747175216675, 3.5631020069122314, 3.4484081268310547, 3.520658016204834, 3.4345011711120605], "Q10": [4.520331859588623, 1.5607738494873047, 1.4623222351074219, 1.4757030010223389, 1.456629991531372], "Q11": [0.2293870449066162, 0.18407392501831055, 0.17890214920043945, 0.18593788146972656, 0.17414307594299316], "Q12": [4.18040919303894, 1.3570189476013184, 1.3172399997711182, 1.307171106338501, 1.3357651233673096], "Q13": [1.575469970703125, 1.1447889804840088, 1.1452751159667969, 1.1338720321655273, 1.1486878395080566], "Q14": [1.083834171295166, 0.1509230136871338, 0.14885616302490234, 0.15094709396362305, 0.15224885940551758], "Q15": [2.754009962081909, 0.11532378196716309, 0.11184215545654297, 0.12430787086486816, 0.11232805252075195], "Q16": [0.39507603645324707, 0.30544090270996094, 0.29145097732543945, 0.2834649085998535, 0.28638696670532227], "Q17": [1.0695521831512451, 0.45084285736083984, 0.45116496086120605, 0.4647700786590576, 0.5421619415283203], "Q18": [1.058892011642456, 0.6611111164093018, 0.6612422466278076, 0.6487588882446289, 0.6741461753845215], "Q19": [3.943035840988159, 1.5952298641204834, 1.6271240711212158, 1.5886259078979492, 1.555544137954712], "Q20": [3.3951361179351807, 0.47019505500793457, 0.43471312522888184, 0.4276459217071533, 0.4379270076751709], "Q21": [15.205873250961304, 14.192208766937256, 14.085749864578247, 14.565201044082642, 14.074024200439453], "Q22": [0.1629199981689453, 0.10345196723937988, 0.1053011417388916, 0.10053706169128418, 0.09887099266052246], "total": 197.24220895767212}