{"queries": {"Q01": [9.710654973983765, 8.962696075439453, 7.955936908721924, 7.403881072998047, 8.110180139541626], "Q02": [0.6297619342803955, 0.5592942237854004, 0.5499329566955566, 0.5453240871429443, 0.5452558994293213], "Q03": [2.012784719467163, 1.8683719635009766, 1.884078025817871, 1.826909065246582, 1.8295848369598389], "Q04": [5.341777801513672, 5.579056024551392, 5.767216920852661, 5.549485921859741, 5.377938270568848], "Q05": [6.151518106460571, 5.250472068786621, 4.699645042419434, 4.808922290802002, 4.941354274749756], "Q06": [0.7452089786529541, 0.36615800857543945, 0.3270106315612793, 0.31252193450927734, 0.3486049175262451], "Q07": [3.8144888877868652, 2.8949570655822754, 3.218437910079956, 3.2407758235931396, 2.7858078479766846], "Q08": [2.6814968585968018, 2.202712059020996, 2.0074281692504883, 1.9618852138519287, 1.896540880203247], "Q09": [15.096951007843018, 14.774251937866211, 15.357773780822754, 14.9250168800354, 14.96692681312561], "Q10": [6.693004131317139, 6.963490962982178, 7.431625843048096, 7.656339883804321, 8.161574125289917], "Q11": [0.28900599479675293, 0.24561524391174316, 0.24551773071289062, 0.2494802474975586, 0.252795934677124], "Q12": [6.0916900634765625, 4.360717058181763, 4.141678810119629, 4.0809080600738525, 4.0105299949646], "Q13": [3.1411845684051514, 3.192498207092285, 3.0724449157714844, 3.050452947616577, 3.0177841186523438], "Q14": [0.8988580703735352, 0.440676212310791, 0.4229917526245117, 0.42846107482910156, 0.41989684104919434], "Q15": [2.0244622230529785, 0.37110185623168945, 0.3283348083496094, 0.36450982093811035, 0.36623120307922363], "Q16": [0.8530359268188477, 0.7617559432983398, 0.7445600032806396, 0.7327249050140381, 0.733253002166748], "Q17": [2.3419933319091797, 2.101257085800171, 1.9932076930999756, 2.137821912765503, 1.9329900741577148], "Q18": [2.7734792232513428, 2.7046799659729004, 2.7137720584869385, 2.689556121826172, 2.689811944961548], "Q19": [5.564166784286499, 3.928446054458618, 3.885679244995117, 3.893036127090454, 3.858384847640991], "Q20": [2.0057950019836426, 1.569742202758789, 1.3572618961334229, 1.305022954940796, 1.2602770328521729], "Q21": [50.51554608345032, 50.26594614982605, 51.60137176513672, 52.111258029937744, 86.44418096542358], "Q22": [0.3259139060974121, 0.2700808048248291, 0.27423787117004395, 0.2806861400604248, 0.2657952308654785]}, "load": 78.97972083091736, "total": 643.0977840423584}