{"min": 21747.14, "max": 1908398.81, "mean": 691985.3300000001, "median": 751104.9099999999, "all": [0, 517041.06, 999527.32, 259474.27, 585980.13, 0, 749807.82, 386261.85, 144028.61, 968554.03, 21747.14, 1111175.29, 0, 752402.0, 1638780.02, 138222.66, 1015306.05, 1908398.81, 167754.94, 870870.05, 883184.75, 29204.47], "no_zero": [517041.06, 999527.32, 259474.27, 585980.13, 749807.82, 386261.85, 144028.61, 968554.03, 21747.14, 1111175.29, 752402.0, 1638780.02, 138222.66, 1015306.05, 1908398.81, 167754.94, 870870.05, 883184.75, 29204.47]}